[{"id":"60641cf0-2219-11e7-8c4f-6741fb298711","url":"https://www.google.nl/?gfe_rd=cr&ei=NYHyWL3wJLLP8Aepz6-wDA&gws_rd=ssl","icon":"https://www.google.nl/images/branding/product/ico/googleg_lodp.ico","title":"Google"},{"id":"88f76190-2219-11e7-83da-8bfb9fac46a7","url":"https://en.wikipedia.org/wiki/Main_Page","icon":"https://en.wikipedia.org/static/favicon/wikipedia.ico","title":"Wikipedia, the free encyclopedia"},{"id":"aa57ff70-2219-11e7-83da-8bfb9fac46a7","url":"https://en.wikipedia.org/wiki/Me_and_Juliet","icon":"https://en.wikipedia.org/static/favicon/wikipedia.ico","title":"Me and Juliet - Wikipedia"},{"id":"16babc40-c211-11e9-80ba-957f04fb1579","url":"https://www.yahoo.com/","icon":"https://www.yahoo.com/favicon.ico","title":"Yahoo"}]
